{
    "ugv_id": 0,
    "label": 0,
    "t": [
        0.0,
        0.1,
        0.2,
        0.30000000000000004,
        0.4,
        0.5,
        0.6000000000000001,
        0.7000000000000001,
        0.8,
        0.9,
        1.0,
        1.1,
        1.2000000000000002,
        1.3,
        1.4000000000000001,
        1.5,
        1.6,
        1.7000000000000002,
        1.8,
        1.9000000000000001,
        2.0,
        2.1,
        2.2,
        2.3000000000000003,
        2.4000000000000004,
        2.5,
        2.6,
        2.7,
        2.8000000000000003,
        2.9000000000000004,
        3.0,
        3.1,
        3.2,
        3.3000000000000003,
        3.4000000000000004,
        3.5,
        3.6,
        3.7,
        3.8000000000000003,
        3.9000000000000004,
        4.0,
        4.1000000000000005,
        4.2,
        4.3,
        4.4,
        4.5,
        4.6000000000000005,
        4.7,
        4.800000000000001,
        4.9,
        5.0,
        5.1000000000000005,
        5.2,
        5.300000000000001,
        5.4,
        5.5,
        5.6000000000000005,
        5.7,
        5.800000000000001,
        5.9,
        6.0,
        6.1000000000000005,
        6.2,
        6.300000000000001,
        6.4
    ],
    "speed": [
        0.0,
        0.8000000000000149,
        0.800000000000029,
        0.800000000000008,
        0.7999999999999805,
        0.8000000000000153,
        0.7999999999999838,
        0.8000000000000249,
        0.7999999999999747,
        0.8000000000000163,
        0.7999999999999724,
        0.7999999999999765,
        0.7146664573543119,
        0.6861156019729109,
        0.7999999999999929,
        0.8000000000000143,
        0.8000000000000093,
        0.7999999999999858,
        0.8000000000000153,
        0.799999999999982,
        0.7999999999999733,
        0.7999999999999986,
        0.7999999999999929,
        0.799999999999997,
        0.8000000000000242,
        0.8000000000000242,
        0.8000000000000242,
        0.8000000000000242,
        0.8000000000000242,
        0.8000000000000242,
        0.8000000000000242,
        0.8000000000000242,
        0.8000000000000242,
        0.7563044921774439,
        0.7041401440356967,
        0.6603230855892784,
        0.6209374807767413,
        0.5861236750822815,
        0.5560961240128348,
        0.531156362215679,
        0.5030355971578618,
        0.48193349146204445,
        0.464677255877715,
        0.45143005889451276,
        0.4424204580784433,
        0.4379537142801168,
        0.4384190174759184,
        0.44428528963736125,
        0.4560721174078099,
        0.4742739321348575,
        0.499208270724883,
        0.5307647581152634,
        0.568074960967845,
        0.7999999999999913,
        0.5734996952557362,
        0.799999999999994,
        0.8000000000000083,
        0.8000000000000053,
        0.8000000000000119,
        0.8000000000000113,
        0.7999999999999853,
        0.7999999999999993,
        0.7999999999999841,
        0.7999999999999813,
        0.7999999999999872
    ],
    "accel": [
        0.0,
        8.00000000000015,
        1.4099832412739488e-13,
        -2.0983215165415459e-13,
        -2.753353101070388e-13,
        3.47499806707674e-13,
        -3.141931159689193e-13,
        4.107825191113079e-13,
        -5.018208071305708e-13,
        4.1522341120980855e-13,
        -4.3853809472693683e-13,
        4.107825191113079e-14,
        -0.8533354264566462,
        -0.2855085538140101,
        1.1388439802708206,
        2.1316282072803006e-13,
        -4.9960036108132044e-14,
        -2.3425705819590803e-13,
        2.942091015256665e-13,
        -3.3306690738754696e-13,
        -8.659739592076221e-14,
        2.531308496145357e-13,
        -5.6621374255882984e-14,
        4.107825191113079e-14,
        2.7200464103316335e-13,
        0.0,
        0.0,
        0.0,
        0.0,
        0.0,
        0.0,
        0.0,
        0.0,
        -0.4369550782258036,
        -0.521643481417472,
        -0.43817058446418256,
        -0.39385604812537167,
        -0.348138056944598,
        -0.30027551069446656,
        -0.24939761797155846,
        -0.2812076505781713,
        -0.21102105695817386,
        -0.17256235584329427,
        -0.13247196983202258,
        -0.09009600816069441,
        -0.04466743798326511,
        0.0046530319580156965,
        0.05866272161442865,
        0.11786827770448649,
        0.18201814727047627,
        0.24934338590025473,
        0.3155648739038036,
        0.37310202852581686,
        2.319250390321462,
        -2.265003047442551,
        2.2650030474425784,
        1.4210854715202004e-13,
        -2.9976021664879227e-14,
        6.661338147750939e-14,
        -6.661338147750939e-15,
        -2.5979218776228663e-13,
        1.3988810110276972e-13,
        -1.5210055437364645e-13,
        -2.7755575615628914e-14,
        5.88418203051333e-14
    ]
}