{
    "ugv_id": 0,
    "label": 0,
    "t": [
        0.0,
        0.1,
        0.2,
        0.30000000000000004,
        0.4,
        0.5,
        0.6000000000000001,
        0.7000000000000001,
        0.8,
        0.9,
        1.0,
        1.1,
        1.2000000000000002,
        1.3,
        1.4000000000000001
    ],
    "speed": [
        0.0,
        0.8000000000000149,
        0.800000000000029,
        0.800000000000008,
        0.7999999999999805,
        0.8000000000000153,
        0.7999999999999838,
        0.8000000000000249,
        0.7999999999999747,
        0.8000000000000163,
        0.7999999999999724,
        0.7999999999999765,
        0.7146664573543119,
        0.6861156019729109,
        0.7999999999999929
    ],
    "accel": [
        0.0,
        8.00000000000015,
        1.4099832412739488e-13,
        -2.0983215165415459e-13,
        -2.753353101070388e-13,
        3.47499806707674e-13,
        -3.141931159689193e-13,
        4.107825191113079e-13,
        -5.018208071305708e-13,
        4.1522341120980855e-13,
        -4.3853809472693683e-13,
        4.107825191113079e-14,
        -0.8533354264566462,
        -0.2855085538140101,
        1.1388439802708206
    ]
}